timestamp,src_ip,dst_ip,dst_port,packet_size
1736113209.9209218,10.0.0.1,10.0.0.2,80,103
1736113212.2483397,10.0.0.1,10.0.0.2,80,1490
1736113214.570775,10.0.0.1,10.0.0.2,80,138
1736113214.8667057,10.0.0.1,10.0.0.2,80,1355
1736113215.1924555,10.0.0.1,10.0.0.2,80,74
1736113215.4617682,10.0.0.1,10.0.0.2,80,742
1736113215.696246,10.0.0.1,10.0.0.2,80,693
1736113215.989927,10.0.0.1,10.0.0.2,80,996
1736113216.3009963,10.0.0.1,10.0.0.2,80,1202
1736113216.578445,10.0.0.1,10.0.0.2,80,118
1736113216.737056,10.0.0.1,10.0.0.2,80,413
1736113217.035802,10.0.0.1,10.0.0.2,80,1483
1736113217.325761,10.0.0.1,10.0.0.2,80,1140
1736113217.5663285,10.0.0.1,10.0.0.2,80,842
1736113217.7824173,10.0.0.1,10.0.0.2,80,258
1736113218.1258097,10.0.0.1,10.0.0.2,80,1332
1736113218.3927655,10.0.0.1,10.0.0.2,80,263
1736113218.7093265,10.0.0.1,10.0.0.2,80,1180
1736113218.9828844,10.0.0.1,10.0.0.2,80,713
1736113219.2748883,10.0.0.1,10.0.0.2,80,790
1736113219.4536946,10.0.0.1,10.0.0.2,80,482
1736113219.6710591,10.0.0.1,10.0.0.2,80,596
1736113219.9693956,10.0.0.1,10.0.0.2,80,701
1736113220.2268212,10.0.0.1,10.0.0.2,80,1004
1736113220.5209687,10.0.0.1,10.0.0.2,80,460
1736113220.788423,10.0.0.1,10.0.0.2,80,69
1736113220.9466808,10.0.0.1,10.0.0.2,80,415
1736113221.087207,10.0.0.1,10.0.0.2,80,422
1736113221.242907,10.0.0.1,10.0.0.2,80,1242
1736113221.4123116,10.0.0.1,10.0.0.2,80,636
1736113221.7030149,10.0.0.1,10.0.0.2,80,1032
1736113221.9174,10.0.0.1,10.0.0.2,80,448
1736113222.09086,10.0.0.1,10.0.0.2,80,1040
1736113222.3520586,10.0.0.1,10.0.0.2,80,1271
1736113222.6528246,10.0.0.1,10.0.0.2,80,1381
1736113222.868831,10.0.0.1,10.0.0.2,80,694
1736113223.1579669,10.0.0.1,10.0.0.2,80,881
1736113223.3905694,10.0.0.1,10.0.0.2,80,565
1736113223.617006,10.0.0.1,10.0.0.2,80,527
1736113223.9296174,10.0.0.1,10.0.0.2,80,1156
1736113224.1835322,10.0.0.1,10.0.0.2,80,213
1736113224.5170114,10.0.0.1,10.0.0.2,80,480
1736113224.7163773,10.0.0.1,10.0.0.2,80,294
1736113224.9613914,10.0.0.1,10.0.0.2,80,903
1736113225.1674902,10.0.0.1,10.0.0.2,80,1498
1736113225.366556,10.0.0.1,10.0.0.2,80,369
1736113225.5567763,10.0.0.1,10.0.0.2,80,1473
1736113225.776355,10.0.0.1,10.0.0.2,80,205
1736113226.099027,10.0.0.1,10.0.0.2,80,1011
1736113226.2504284,10.0.0.1,10.0.0.2,80,176
1736113226.5420969,10.0.0.1,10.0.0.2,80,1089
1736113226.7769372,10.0.0.1,10.0.0.2,80,605
1736113227.058717,10.0.0.1,10.0.0.2,80,490
1736113227.3471568,10.0.0.1,10.0.0.2,80,1309
1736113227.6362722,10.0.0.1,10.0.0.2,80,1397
1736113227.8097782,10.0.0.1,10.0.0.2,80,922
1736113228.076084,10.0.0.1,10.0.0.2,80,1485
1736113228.348646,10.0.0.1,10.0.0.2,80,664
1736113228.5388122,10.0.0.1,10.0.0.2,80,378
1736113228.7855065,10.0.0.1,10.0.0.2,80,476
1736113229.095133,10.0.0.1,10.0.0.2,80,1375
1736113229.3996294,10.0.0.1,10.0.0.2,80,1202
1736113229.5640812,10.0.0.1,10.0.0.2,80,1298
1736113229.711779,10.0.0.1,10.0.0.2,80,586
1736113229.9829295,10.0.0.1,10.0.0.2,80,285
1736113230.1339638,10.0.0.1,10.0.0.2,80,610
1736113230.284356,10.0.0.1,10.0.0.2,80,1383
1736113230.571763,10.0.0.1,10.0.0.2,80,299
1736113230.9048116,10.0.0.1,10.0.0.2,80,1456
1736113231.2222269,10.0.0.1,10.0.0.2,80,916
1736113231.3810444,10.0.0.1,10.0.0.2,80,863
1736113231.5948853,10.0.0.1,10.0.0.2,80,546
1736113231.9012916,10.0.0.1,10.0.0.2,80,328
1736113232.1748886,10.0.0.1,10.0.0.2,80,825
1736113232.3964732,10.0.0.1,10.0.0.2,80,1256
1736113232.6165087,10.0.0.1,10.0.0.2,80,1128
1736113232.9469337,10.0.0.1,10.0.0.2,80,600
1736113233.085687,10.0.0.1,10.0.0.2,80,218
1736113233.2703736,10.0.0.1,10.0.0.2,80,1364
1736113233.5021877,10.0.0.1,10.0.0.2,80,683
1736113233.7802217,10.0.0.1,10.0.0.2,80,1070
1736113234.057152,10.0.0.1,10.0.0.2,80,875
1736113234.23532,10.0.0.1,10.0.0.2,80,1488
1736113234.5701766,10.0.0.1,10.0.0.2,80,938
1736113234.8021872,10.0.0.1,10.0.0.2,80,1398
1736113235.136558,10.0.0.1,10.0.0.2,80,766
1736113235.31865,10.0.0.1,10.0.0.2,80,747
1736113235.6379366,10.0.0.1,10.0.0.2,80,1440
1736113235.888912,10.0.0.1,10.0.0.2,80,1188
1736113236.1919768,10.0.0.1,10.0.0.2,80,761
1736113236.5456636,10.0.0.1,10.0.0.2,80,960
1736113236.8722496,10.0.0.1,10.0.0.2,80,398
1736113237.2274437,10.0.0.1,10.0.0.2,80,736
1736113237.5547602,10.0.0.1,10.0.0.2,80,1331
1736113237.8586967,10.0.0.1,10.0.0.2,80,1020
1736113238.1992562,10.0.0.1,10.0.0.2,80,712
1736113238.3933127,10.0.0.1,10.0.0.2,80,1007
1736113238.6895418,10.0.0.1,10.0.0.2,80,510
1736113239.0066962,10.0.0.1,10.0.0.2,80,1222
1736113239.3387916,10.0.0.1,10.0.0.2,80,549
1736113239.5202591,10.0.0.1,10.0.0.2,80,842
1736113239.6712048,10.0.0.1,10.0.0.2,80,522
1736113239.8833776,10.0.0.1,10.0.0.2,80,1011
1736113240.198683,10.0.0.1,10.0.0.2,80,1121
1736113240.527072,10.0.0.1,10.0.0.2,80,1038
1736113240.7059815,10.0.0.1,10.0.0.2,80,1326
1736113240.972648,10.0.0.1,10.0.0.2,80,208
1736113241.1341646,10.0.0.1,10.0.0.2,80,751
1736113241.3156226,10.0.0.1,10.0.0.2,80,215
1736113241.6008573,10.0.0.1,10.0.0.2,80,418
1736113241.753194,10.0.0.1,10.0.0.2,80,1194
1736113241.9367106,10.0.0.1,10.0.0.2,80,473
1736113242.1940327,10.0.0.1,10.0.0.2,80,193
1736113242.5089223,10.0.0.1,10.0.0.2,80,1442
1736113242.820505,10.0.0.1,10.0.0.2,80,103
1736113243.1562872,10.0.0.1,10.0.0.2,80,508
1736113243.416642,10.0.0.1,10.0.0.2,80,484
1736113243.6525068,10.0.0.1,10.0.0.2,80,1356
1736113243.95516,10.0.0.1,10.0.0.2,80,165
1736113244.133812,10.0.0.1,10.0.0.2,80,486
1736113244.4051507,10.0.0.1,10.0.0.2,80,649
1736113244.7121992,10.0.0.1,10.0.0.2,80,1227
1736113245.0336757,10.0.0.1,10.0.0.2,80,180
1736113245.2643678,10.0.0.1,10.0.0.2,80,974
1736113245.567936,10.0.0.1,10.0.0.2,80,705
1736113245.8010333,10.0.0.1,10.0.0.2,80,1203
1736113246.096684,10.0.0.1,10.0.0.2,80,1474
1736113246.364067,10.0.0.1,10.0.0.2,80,775
1736113246.5886815,10.0.0.1,10.0.0.2,80,443
1736113246.9225457,10.0.0.1,10.0.0.2,80,1197
1736113247.198623,10.0.0.1,10.0.0.2,80,162
1736113247.3725274,10.0.0.1,10.0.0.2,80,660
1736113247.6053874,10.0.0.1,10.0.0.2,80,1471
1736113247.9446228,10.0.0.1,10.0.0.2,80,294
1736113248.1077647,10.0.0.1,10.0.0.2,80,773
1736113248.321734,10.0.0.1,10.0.0.2,80,1036
1736113248.5646265,10.0.0.1,10.0.0.2,80,956
1736113248.849719,10.0.0.1,10.0.0.2,80,1257
1736113249.1092916,10.0.0.1,10.0.0.2,80,730
1736113249.4444954,10.0.0.1,10.0.0.2,80,240
1736113249.5878987,10.0.0.1,10.0.0.2,80,642
1736113249.8581684,10.0.0.1,10.0.0.2,80,956
1736113250.0966084,10.0.0.1,10.0.0.2,80,650
1736113250.3028195,10.0.0.1,10.0.0.2,80,853
1736113250.6204078,10.0.0.1,10.0.0.2,80,988
1736113250.9036367,10.0.0.1,10.0.0.2,80,203
1736113251.0904226,10.0.0.1,10.0.0.2,80,1088
1736113251.4059107,10.0.0.1,10.0.0.2,80,1258
1736113251.6564705,10.0.0.1,10.0.0.2,80,1143
1736113251.9985878,10.0.0.1,10.0.0.2,80,663
1736113252.152771,10.0.0.1,10.0.0.2,80,805
1736113252.3109531,10.0.0.1,10.0.0.2,80,102
1736113252.5029836,10.0.0.1,10.0.0.2,80,937
1736113252.6830454,10.0.0.1,10.0.0.2,80,1319
1736113252.9737828,10.0.0.1,10.0.0.2,80,1403
1736113253.2222652,10.0.0.1,10.0.0.2,80,889
1736113253.447881,10.0.0.1,10.0.0.2,80,315
1736113253.7724025,10.0.0.1,10.0.0.2,80,980
1736113253.9852087,10.0.0.1,10.0.0.2,80,493
1736113254.1659474,10.0.0.1,10.0.0.2,80,1177
1736113254.4178185,10.0.0.1,10.0.0.2,80,109
1736113254.6026495,10.0.0.1,10.0.0.2,80,325
1736113254.8736436,10.0.0.1,10.0.0.2,80,888
1736113255.051669,10.0.0.1,10.0.0.2,80,1206
1736113255.2098637,10.0.0.1,10.0.0.2,80,591
1736113255.5096211,10.0.0.1,10.0.0.2,80,904
1736113255.7275586,10.0.0.1,10.0.0.2,80,808
1736113256.0708358,10.0.0.1,10.0.0.2,80,532
1736113256.416596,10.0.0.1,10.0.0.2,80,498
1736113256.5938163,10.0.0.1,10.0.0.2,80,1455
1736113256.8643513,10.0.0.1,10.0.0.2,80,1273
1736113257.0914667,10.0.0.1,10.0.0.2,80,1045
1736113257.333384,10.0.0.1,10.0.0.2,80,1367
1736113257.6591153,10.0.0.1,10.0.0.2,80,128
1736113257.93979,10.0.0.1,10.0.0.2,80,1500
1736113258.1796274,10.0.0.1,10.0.0.2,80,53
1736113258.4209404,10.0.0.1,10.0.0.2,80,166
1736113258.7497375,10.0.0.1,10.0.0.2,80,82
1736113258.933105,10.0.0.1,10.0.0.2,80,680
1736113259.1997943,10.0.0.1,10.0.0.2,80,1020
1736113259.4214458,10.0.0.1,10.0.0.2,80,1484
1736113259.7278612,10.0.0.1,10.0.0.2,80,1059
1736113259.9602623,10.0.0.1,10.0.0.2,80,464
1736113260.1277966,10.0.0.1,10.0.0.2,80,526
1736113260.4467013,10.0.0.1,10.0.0.2,80,1106
1736113260.6926007,10.0.0.1,10.0.0.2,80,1127
1736113260.9973817,10.0.0.1,10.0.0.2,80,316
1736113261.2689657,10.0.0.1,10.0.0.2,80,89
1736113261.468161,10.0.0.1,10.0.0.2,80,721
1736113261.6565404,10.0.0.1,10.0.0.2,80,935
1736113261.8338144,10.0.0.1,10.0.0.2,80,1073
1736113261.9797368,10.0.0.1,10.0.0.2,80,214
1736113262.2556763,10.0.0.1,10.0.0.2,80,691
1736113262.415895,10.0.0.1,10.0.0.2,80,1050
1736113262.6046019,10.0.0.1,10.0.0.2,80,1152
1736113262.782981,10.0.0.1,10.0.0.2,80,381
1736113263.0833254,10.0.0.1,10.0.0.2,80,1286
1736113263.2529187,10.0.0.1,10.0.0.2,80,1038
1736113263.5864837,10.0.0.1,10.0.0.2,80,386
1736113263.7358549,10.0.0.1,10.0.0.2,80,858
1736113263.9044702,10.0.0.1,10.0.0.2,80,427
1736113264.113222,10.0.0.1,10.0.0.2,80,605
1736113264.3724964,10.0.0.1,10.0.0.2,80,251
1736113264.622041,10.0.0.1,10.0.0.2,80,428
1736113264.9310105,10.0.0.1,10.0.0.2,80,445
1736113265.1279771,10.0.0.1,10.0.0.2,80,265
1736113265.4014025,10.0.0.1,10.0.0.2,80,177
1736113265.5739887,10.0.0.1,10.0.0.2,80,274
1736113265.7170486,10.0.0.1,10.0.0.2,80,68
1736113265.9651666,10.0.0.1,10.0.0.2,80,323
1736113266.268341,10.0.0.1,10.0.0.2,80,553
1736113266.5178745,10.0.0.1,10.0.0.2,80,619
1736113266.7241051,10.0.0.1,10.0.0.2,80,1181
1736113266.9197547,10.0.0.1,10.0.0.2,80,1026
1736113267.253084,10.0.0.1,10.0.0.2,80,1315
1736113267.3954923,10.0.0.1,10.0.0.2,80,1184
1736113267.652875,10.0.0.1,10.0.0.2,80,1016
1736113267.9817152,10.0.0.1,10.0.0.2,80,763
1736113268.2151978,10.0.0.1,10.0.0.2,80,1018
1736113268.4749298,10.0.0.1,10.0.0.2,80,138
1736113268.630079,10.0.0.1,10.0.0.2,80,1005
1736113268.8557858,10.0.0.1,10.0.0.2,80,1466
1736113268.9971693,10.0.0.1,10.0.0.2,80,606
1736113269.294548,10.0.0.1,10.0.0.2,80,1464
1736113269.640042,10.0.0.1,10.0.0.2,80,420
